at_least_one,at_least_two,at_least_three
0.026220386139820626,0.011332307573596295,0.007950979692605963
0.00191599347749212,0.0007428020572868704,1.9370280865405043e-09
0.14361757695957503,0.040069438599272145,0.02244459927100033
0.15883521079957763,0.07444450707623368,0.03528897368232174
0.40887960835696247,0.2959306582131126,0.22700000133349132
0.020712531302394227,0.010769831005920341,0.025653108263534063
0.4011381555163806,0.30390866928433946,0.1744089572932483
0.18987810791432155,0.09104427473945426,0.03868149867897444
0.03651195629914064,0.004408461487601982,4.191212432669289e-09
0.020034094408811667,0.0017107193779743735,0.005065733769183747
0.14451113062061716,0.08194640485625632,0.030041745291598383
0.33627245859848587,0.23589255429251937,0.15160000000410345
0.017534213289513073,0.0014947559757763212,1.3098353651708194e-09
0.2571074588563904,0.18647362165636006,0.15909999710972614
0.05635021646725091,0.03070990381249228,0.01529999902798574
0.018438657124893815,0.002025340817869592,2.2390862011723023e-09
0.18446252484011927,0.05882886275699264,0.021999998764594682
0.03843320295934928,0.002465049387812737,2.854336940416591e-09
0.0038782229551214964,0.005435493209200587,2.033365545384136e-09
0.11210072692685051,0.018792187563650732,4.7524657126318814e-09
0.03199167847134453,0.005417185063311472,9.204559059394768e-10
0.4829536702253981,0.3641226122371573,0.2928000103852847
0.012267936707771557,0.002593765905408746,2.7319115095125746e-09
0.021677268242290437,0.004112445374080176,0.00021306100469307282
0.015562862117750806,0.003023658275664712,0.0017055821397599855
0.40682384486640344,0.45102454302819595,0.17593229865814025
0.184001886684252,0.12655979456284477,0.09290000281646048
0.13936776393466047,0.09761597553514167,0.11159999227225986
0.019488415548675822,0.0008432488517271242,0.004406718778003152
0.08116175847965386,0.031438098746179005,0.00841585392801908
0.0636865255571182,0.049186462752464154,0.010761582797287339
0.4018779775050156,0.26687708918913106,0.11656959764255313
0.04718529910810121,0.0007928731345723389,3.1299943886731185e-09
0.06703012589709337,0.028843983160799988,0.013198695192090902
0.23874607749842525,0.15192996446283968,0.08149999813947556
0.10388441537854717,0.012551320949795518,2.1649916234767197e-09
0.14341029284423776,0.08520304532991098,0.06300001026369607
0.06656416976928164,0.01405726616790734,5.044711454127437e-09
0.04520414108875365,0.010866229025149027,6.325338086643484e-09
0.13234836555934443,0.06898837103497661,0.04234145766012173
0.05964074054484934,0.0020055440720229967,1.8037247945246193e-09
0.030108548019407627,0.00706013465152909,0.0040935972858327715
0.008356340063495504,0.011669908059760897,1.11564836535738e-09
0.0690438190081609,0.031022945796434248,0.012599999424798211
0.013169898704779234,0.004486388091441321,0.007992203977955921
0.09865392849899418,0.06639792684042942,0.04039999733933572
0.013077519514949551,0.007075019659572995,3.854606155095919e-09
0.35725089238507013,0.23152596518038007,0.18379999396618496
0.23769218707948714,0.18860318969797008,0.15600000037307493
0.39410921981385005,0.33283186219106803,0.16679217483224512
0.028596194001263744,0.006304798278699043,0.00830000084916703
0.06975181971075634,0.020295085787291153,1.542478408889103e-09
0.09453287311288947,0.03333220104390715,3.192148330388722e-09
0.15159850856751822,0.07852217139158293,0.03989999619495162
0.04971671865829223,0.011392315184862743,0.003299789961296526
0.13054877069358276,0.07716925504966012,0.09581280501155684
0.027067553151825074,0.012375447471308282,0.0029249435065500234
0.10569802709068052,0.02221666065293766,0.0007999968730470278
0.07503199335327737,0.03575982644963828,0.011799999299036537
0.07410681592797595,0.006310905734681849,0.007441795597856092
0.20798748373229764,0.13979948285842894,0.0394128885456093
0.007743035319426633,0.00528524244414532,1.0469599145968012e-09
0.08771310122588043,0.0162644204092795,0.001100001803148301
0.19785230686546174,0.1162021461948647,0.06243720299929607
0.11943798838937594,0.043485792899676357,2.5171264794732195e-09
0.14668611877907917,0.09723025133958832,0.07549464580357002
0.013777216467464284,0.0027502026836257604,0.0005526046237863333
0.028736893049803036,0.0006649276419788408,0.007211405630416917
0.021714708076355213,0.0035605040297035234,0.0015000010141989345
0.07784618033037215,0.0157433376397393,0.0018297816206120088
0.19705438621867927,0.15302754062914475,0.1685016377541459
0.07692334634229882,0.03386667070387552,0.02479999366886918
0.13442873930068636,0.03351652602772282,0.010281839430522216
0.48704850524180326,0.35497316661837547,0.16125452364593945
0.010857192943818927,0.0023377154538497397,4.673463949167456e-09
0.03707864845472174,0.0015587294955518582,7.513842256723358e-09
0.1277021589498654,0.042504095732693564,0.057783113536406354
0.13092833744045285,0.06406678700740333,0.020098743959183707
0.10149255743361998,0.055829028943779696,0.06300210751348351
0.08151170926129364,0.027251205968989597,0.03783381005421521
0.0268382711895276,0.0009862131530735119,7.833527049250222e-09
0.03456360028638662,0.004016617574997196,0.003407207555226048
0.01570908568812146,0.0028594589391006953,0.0064633348858677345
0.021122831331031836,0.0078256940099347,1.7821258566086406e-09
0.039081743136425554,0.008298062463762315,0.0007218136278176676
0.1562164333858315,0.09529516593752148,0.07289999714301992
0.02409611656582114,0.008213245073885371,0.019181039563593127
0.0162121626859571,0.003589258829660859,2.950912646182413e-09
0.020581783847728102,0.004196607381591597,0.004046224759018842
0.0491592572416964,0.03116276704693622,0.016200001546729827
0.017446622917979354,0.0022613853926619354,0.0019499061620917996
0.06970848315083779,0.026119946173632384,0.002399998616661757
0.08437203284344147,0.028786177376367322,0.004700000725264622
0.10032972554626152,0.03126744142162742,0.011799993095347523
0.011224692729409777,0.004581016416671968,2.344429095302303e-10
0.26196625513025296,0.1523962943865912,0.10279999756382213
0.11181275247127764,0.055101570862358944,0.11442196564203151
0.036426522849681814,0.004181237434368476,0.0038681702459588546
0.0419990235403869,0.02692198946700252,0.014799998972299742
0.046637278822689476,0.022794957190852012,0.004099995298437652
0.0014225306330596654,0.001860362514880795,3.9639548102266e-09
0.10951980061854238,0.08367380065401415,0.040181968412931965
0.08397987145642309,0.04722017183581095,0.0060000049370210265
0.46211898387000094,0.34787429046571283,0.2574000057015773
0.0666887808769103,0.035440114282267746,0.02570000142174272
0.15550753786386193,0.061918144052432296,0.028899997041251308
0.042762744392182514,0.0118253146524806,3.7036927205691406e-09
0.24407398788492507,0.18831913077656529,0.07495349270368105
0.40973116058589754,0.260422383000895,0.10670130179139765
0.02157417183585733,0.01807763218679287,0.00089152246677765
0.040086866568632806,0.026590565381129166,0.012521737689763425
0.0001053974388286888,0.0021490339957250942,9.325998348574949e-09
0.35536253256041295,0.2718623238077382,0.2417999964239673
0.032073049815922405,0.003056875118189431,9.991703991962808e-11
0.020325570886025476,0.004888756215747442,8.968659148678171e-11
0.44322519024729395,0.3609430585738456,0.319999992467302
0.123373693039868,0.08811568656853166,0.06440000207808705
0.13225079191672603,0.055150243008264696,0.04119999286079103
0.041487147381219266,0.005062557703558776,0.01032126039846442
0.12276279917505371,0.0867295573917698,0.0589999980129742
0.005051501143648357,0.0071724796803365465,0.006945524626270828
0.4254127836050801,0.34056905938086995,0.3291999962584835
0.019587671287221192,0.0026084264198392437,2.2603108482122103e-09
0.08275724056522754,0.04614174072520866,0.048800002882164566
0.13585075156614146,0.09169033035618625,0.06880000370898763
0.187969896884344,0.1602744714949751,0.10219423188041786
0.034315190750263194,0.003971928524869495,1.1374473932179718e-09
0.00390452148088416,0.0005323215751349836,1.4894823152644676e-09
0.2526721732577593,0.16093265160229364,0.11100000149151229
0.042151731371797965,0.002665963254060613,1.3904999027203324e-09
0.06018573769622914,0.001771215226074721,6.16268682612775e-09
0.03694117070773362,0.0071629348452727434,0.0005025471472435011
0.028857559622741752,0.008523326927512682,0.0066690750091961196
0.1503356257832355,0.023736751652907957,0.016488829509010636
0.010560623941081718,0.0028203157455091166,5.1716336560425624e-09
0.03586597249122059,0.0016775225311426722,0.01180815829417587
0.29206569603627874,0.17420309348057592,0.15122555510854307
0.18577413645090213,0.05408462854157674,0.013402973906529399
0.46675370571758656,0.3375004477787733,0.2872999874045352
0.0765004394361382,0.014480360190604176,0.018609153255763844
0.02935431074021791,0.0027407288830493676,2.6932187552938802e-05
0.3342296408345713,0.2652379494224558,0.12407522073979571
0.025300587938897334,0.002820302559335394,0.008300001124248654
0.040214984807479426,0.00019874433506572586,6.0365340642798415e-09
0.00977545713502359,0.004737062646895371,0.0034721852466843076
0.12401081670086803,0.09250048965802267,0.031043680430504147
0.016163233363371,0.0028097903012217207,7.3379511009163956e-09
0.29220788209561843,0.14520736250132465,0.10000000242182373
0.022507644480220773,0.00031462949044758215,0.002743459709255519
0.05573974647024754,0.014087674366787636,0.0010000006514182744
0.003066125200265224,6.0172814957876186e-05,0.000500000492484276
0.20334301510194547,0.13460997309419645,0.07890000248479336
0.010077292830275072,0.0026659288757176075,2.4421473385216608e-09
0.0032400508094982683,0.0037358315852363475,3.123735575760733e-10
0.02392817921331092,0.004672106034960891,6.777002153901535e-10
0.012990216173407315,0.008255117570800372,0.0016159371340583664
0.06030384409532653,3.403405468350995e-05,3.6167129013886523e-10
0.037663085431089455,0.0020811967916059965,1.1587067069718238e-09
0.12570680997462727,0.10485992679351043,0.0532507598372459
0.21839051294103146,0.155387173431852,0.1054000003018139
0.13471534757187958,0.08005699483466147,0.05759999665148125
0.28702449561273574,0.18916317853013437,0.1388999978389136
0.012185460198480977,0.002747907104715383,3.054575814509519e-09
0.13016060434769638,0.0822811333729106,0.06710000221350548
0.13165695009875353,0.050665423938654384,0.0245558070710358
0.1750546624419745,0.08917399456408737,0.03506832931735582
0.0007659907440480951,0.005301255892141907,4.1772231507142266e-10
0.036926000809387155,0.0016921933115842808,4.42671751338386e-09
0.02887043984347705,0.005827085929123302,0.003036753438062652
0.0220740195681869,0.006953848930928895,0.0002816042558878157
0.19290974814686565,0.0937964866501082,4.932866080886722e-09
0.05853589879178601,0.0016981587819662886,1.3640344131982118e-09
0.09544933468234199,0.005719392840383211,0.01123614962515241
0.0917526743303893,0.08048112274439301,0.0332309775332942
0.014967506477651243,0.00234033703233566,0.003237520704828044
0.17949554542234736,0.07936185970552444,0.02459999925982395
0.043731390265406525,0.0033977484558344387,4.795432877180428e-09
0.009909140676510178,0.004617804634101955,7.649415476040922e-10
0.0008038549277105955,0.0006969625749561337,1.8873445375988673e-09
0.003056898794139437,0.00027957069769214693,2.8213624075901222e-09
0.02396753612401624,0.002711511904881156,1.5205782119553923e-09
0.36123214016317473,0.2599793363351543,0.16287321583845615
0.3632879652606378,0.22129559301614954,0.1447000042953855
0.011141916022522125,0.0020599992718468157,1.922975403911842e-09
0.27604120595642634,0.18199706066107416,0.07374738745259972
0.3188054630572176,0.1847359952387047,0.1460799016541119
0.02884605748430201,0.0050089032036232245,7.915859981388884e-10
0.17580845714784188,0.09838608122700625,0.06019999940600011
0.037595021174834126,0.028220372678105003,0.031699998285951055
0.03859536203409139,0.004597694133002157,1.1294088581026429e-10
0.021001425438765473,0.005093532079372742,4.377302562086349e-09
0.06130695993752224,0.005179024798375412,4.182710074129847e-09
0.11932876655077324,0.06797433635454263,0.04919573090931697
0.0171271527744193,0.0118587640848581,0.005857084410146672
0.02690856640519397,0.0003616376965974166,2.1121359522480176e-09
0.01648582953719313,0.006783989063891119,6.989000975177184e-10
0.18254290565724435,0.10747789356281134,0.056742638023546225
0.4922068398241984,0.36873790622528446,0.3120000056685867
0.11144683928157666,0.05866681341589921,0.045491322403469384
0.3156177181656322,0.2434672685849302,0.1138530720583722
0.004454906601396094,0.004862322327242527,4.1122268992777045e-09
0.06012241146643293,0.00613179592226544,1.2738426910519074e-09
0.09913365741865253,0.039737409747288,3.6096871117163865e-09
0.01640232143486936,0.0018714195792590704,0.0014000002626030766
0.09224069898149136,0.037141907189445586,0.015027338848697488
0.04942489132391996,0.021786246791829278,0.0031999984705745124
0.48224743880161636,0.42003073855888423,0.3858999903534017
0.02478709725608709,0.0031605161587153208,4.785449272959319e-09
0.08792416180905344,0.009837302990840402,0.019802370172116567
0.42965278666213463,0.2826467544271164,0.14951559304412357
0.247662300258914,0.1290437826065436,0.18137226306854734
0.07845177252754465,0.026758962015958135,0.0025821676199488802
0.06790502118463482,0.0042005250920929965,0.009628801663553711
0.047730157086677924,0.008759599758265374,0.002154443300409009
0.05851776075218705,0.008845503913230378,0.002499998574871279
0.24254967322739632,0.18832845263698317,0.10169945653548738
0.016705990592259662,0.0029637544481184025,0.003200001436132957
0.3179294143297806,0.2325738728076284,0.1676000108598718
0.02685234733529035,0.01559264974306121,0.01473334354372851
0.3584330675924591,0.2752489948615602,0.22480000887504556
0.004085143284097051,0.0043744826054910035,0.0008800945790324935
0.012668535551106114,0.0012551057739977473,0.00033734085315759166
0.0003302707313585923,0.007921248686853927,3.7016887957652678e-09
0.09721412136966767,0.007207459313058169,6.021263938837951e-09
0.33740366275190725,0.265642237940802,0.21050000232674237
0.05252449093701596,0.005885654194442903,5.411397441257293e-10
0.5795871179594808,0.6611292311308196,0.6733000239539146
0.23545127983340772,0.1386710360486531,0.0730900293449972
0.14544063067313273,0.05969260479072279,0.044400615792699716
0.05212631291874966,0.012541808056123628,4.1729158739567396e-09
0.05406024382551661,0.03520410988629867,0.010000002513644413
0.14792840901460733,0.044015375006592514,0.02523675167181708
0.16245587892887353,0.08694715647959114,0.05000000090743034
0.019310091774672175,0.0004605626796579526,5.503121444649928e-09
0.018899715088676175,0.0002661186007935912,0.003307269634451826
0.03148691306586633,0.006019462155147537,0.015345988065995672
0.0617684118727183,0.023187301996433998,0.03159999731326124
0.35944887166564315,0.24664487226234788,0.1982713513052157
0.16463481618436399,0.0802548485205786,0.035267619953019205
0.18768644604661083,0.11575835699991258,0.041400500907833225
0.34991167497668685,0.23482907120914634,0.16830000453839833
0.07999451359513349,0.011302747953871088,5.310797496216324e-10
0.01283784802067936,0.00649545585577431,2.2629509030536177e-09
0.014801353946604631,0.0019939698081183205,1.760712575737955e-09
0.17593889304521787,0.21477954349580028,0.07174769070580482
0.077349356415571,0.015544464844127498,6.073629446601281e-10
0.09403683921309253,0.043450822076577855,0.02130000098116453
0.0027339385738494593,8.756847635740805e-05,0.0017314599363624159
0.06325361041489791,0.01511415632463297,7.799667925412201e-10
0.09072051920471742,0.012551653742736521,0.000438724186163815
0.006134890340201454,0.001409111991460446,0.005486906607993995
0.2713984492474306,0.16609188168690792,0.10170000289939038
0.450999394422275,0.3249068955338225,0.2508999982523291
0.11683615637477096,0.05957401982788294,8.964132755528986e-09
0.4127762033537838,0.32171660266170987,0.2160369204062006
0.06993664484233464,0.022397782678210333,0.0030000011334039497
0.03922222684285197,0.003718853958229927,0.0006093607817275748
0.0888344203230592,0.00040385089938346774,3.875110482498556e-09
0.08018220078299937,0.06524126752968407,0.049099999611652
0.021922634208725103,0.010016003683802531,0.003792935089392921
0.2355296874313316,0.1759018026272976,0.13036041659529446
0.005164556060471975,0.0041202226945684095,0.0032874275909301684
0.12340969644073191,0.06380745766835234,0.028400003845775727
0.013141727435349415,0.0074123470391742885,4.131919049965571e-09
0.293966392925759,0.2017974863919538,0.14929998923540755
0.09215204001205966,0.0016422419161698926,0.008538095729191383
0.020375786509351207,7.827101987877005e-05,0.007583648169497699
0.024355662637052106,0.007928463574765426,5.4933231644072045e-09
0.31950670780417056,0.18975373689705383,0.1542000024146965
0.19841866410982034,0.12730708956727965,0.10400000118712768
0.02138557593650009,0.001450950683259844,0.002099999547999193
0.02062980430912993,0.002914809744967342,3.4640408111408227e-09
0.2360798860941633,0.12578711513048524,0.06820000267171106
0.3816054676270473,0.25793870237255817,0.19189999426899235
0.04379151913160163,0.0030541678543104384,0.002575394160230761
0.026162181044079788,0.0014161404642461517,0.0017832184533445872
0.011890371742292016,0.000909688297617145,1.7961131124066831e-09
0.009272997721923942,0.00722718707292145,0.004004148425428226
0.02442336934675933,0.0023641871469253506,0.00229999673821768
0.1535387453625163,0.03605147493708609,0.0009000005780021303
0.22361879981640365,0.071830142714035,0.010229357296685428
0.10102565809935733,0.05305547154804135,0.07054073192622146
0.016962589109964385,0.004284156113958507,0.00750000094757558
0.031513705523243035,0.0021890673631777408,2.774674823236012e-09
0.021445879572083854,0.008538582754200913,5.386417561981105e-10
0.07021882804795396,0.028264759057784222,0.004899998404685586
0.167260317489176,0.09583727482243115,0.05444909823637242
0.006674377662525904,0.0022434788640006004,1.1771065025478755e-09
0.1128742682162851,0.06368992499333567,0.06839999499694123
0.1394352041632407,0.14042718038960914,0.06607928940722174
0.22766436186874994,0.1838168063391989,0.14738467653399615
0.3815755964921015,0.30239802642383157,0.1370770254540455
0.157700128761963,0.04221455198766482,0.02463019725323389
0.42632557490203,0.31013941042125887,0.22220000641757162
0.16458209459819553,0.07479624045620537,0.04091824131900153
0.2537189203118071,0.1678121123425647,0.11249999443576517
0.026980440720590346,0.00889815492957121,0.0011747522934110674
0.012023966124903335,0.006094771705509122,4.180613979998249e-10
0.05445222204829476,0.01940369678951224,0.007124420104375466
0.013034202600943887,0.0030621434044529744,0.0031929399255796534
0.19250455380678538,0.16253875969143367,0.08741901701770571
0.04452226343867437,0.02707324590053202,0.02319999899844902
0.06039032000768391,0.0007903354255485162,8.239406172692171e-05
0.03658181738579058,0.018097982350884265,0.005200001947869556
0.026029448543176,0.004448413684370864,6.016963385868657e-10
0.03637074572434121,0.0034544213677514674,0.004509790573748201
0.032268627535399885,0.011674497476737822,0.00615794049001514
0.02915567426777542,0.005989584468057155,0.0048229039593689
0.23831928658983656,0.15160449745005455,0.12499999823114628
0.04146888195447,0.004982146798228788,0.0056162874693749185
0.5536056142894731,0.4297338216309924,0.20346510925789166
0.018565708015918864,0.005075123439152646,0.0011677819745953485
0.029883239700141576,0.004521104218395404,0.0036577545251663193
0.06374599321909713,0.0033263991269883997,2.1866907104484135e-09
0.24927316963032234,0.16471488884491406,0.1773114905510818
0.19891685354893537,0.17885856685024493,0.15039999410537247
0.043494657123985245,0.0035225644560253552,0.003406064556148475
0.0753341254403929,0.009797589206587763,4.4057196293967316e-09
0.2417892574674139,0.1397560710848328,0.09446615370165853
0.02609470594835589,0.00047258864001124834,0.0028065106388362945
0.0876599865561482,0.060514216708135074,0.05730000328216902
0.05993503407616086,0.03477738866028551,0.03126643237870038
0.12067579682720152,0.08821913122413277,0.08999999971117362
0.03926948253932899,0.0067731862809006435,3.6205289698644505e-05
0.0006753373860763079,0.0005905556579065413,3.387373180563369e-09
0.06440783016070997,0.034996154214255774,0.02079999937911892
0.11757773808374437,0.018257058083449643,0.007043842854215027
0.10680144151759215,0.025815075694826432,0.01952715618686901
0.024085883638720912,0.0015552741591687985,0.0289232310015836
0.030332938226853734,0.0022554135120866486,1.2246421030037702e-09
0.06239394511744618,0.0017664686193564622,5.369662173237977e-09
0.23035566579915212,0.15559170627123567,0.09351291154278778
0.08307773250028558,0.05183265109729723,0.03266994152960945
0.08422134281987446,0.03616781528964684,0.02479618091498539
0.12919350547946035,0.09156085788741734,0.08369772643253792
0.4791165623845298,0.3492395012296401,0.29010000751448506
0.316932947563641,0.20305416905747753,0.16590000862400106
0.13736401704676715,0.027787641860362595,0.003300001090696579
0.09925333748428285,0.03193758503638757,8.761147453351104e-09
0.03597522564888832,0.0035893181461010767,0.0030000026962026735
0.5146736134189798,0.4268527103634382,0.37329998434540973
0.45907682749275436,0.3309941177807882,0.25409999698595787
0.03979639898077472,0.018529448236815876,0.03326267756760523
0.0010505776814845186,0.005853008719595668,1.845433597602586e-09
0.2578115537366923,0.1550666077717406,0.13330028526438148
0.054227092962374296,0.009594053719741917,8.62185894207057e-09
0.36107486679497136,0.21011033275297888,0.18700478987150973
0.009204778493387578,0.002700741246319374,2.1797404020640343e-09
0.27326075038091935,0.09146647097443336,0.012299999140364788
0.005519365968351245,0.006661723384970272,1.3245350580226578e-09
0.1663735491616612,0.1340530060874553,0.10266134814530783
0.18547925220557263,0.1339397796899529,0.11747372246714047
0.0006255607572731997,0.0001908116497057466,0.0017406668761848487
0.1757866617885589,0.07195397750076321,0.02390000023969234
0.06606863571996964,0.028818656925869178,0.0030000029489476235
0.024028461815844837,0.006252978960420194,0.009039267851762636
0.03518745964292776,0.002937032665720582,2.1581879200427423e-09
0.020997070979940427,0.015585132516784513,0.011351741815554872
0.1593835301642974,0.11997138337327408,0.0871999993206945
0.15203578675008228,0.0459897064534109,0.011750514549705313
0.39131249623504966,0.25834386254017117,0.20810000721739713
0.4034141187203173,0.25877854653989973,0.12838639447288525
0.07705568451305442,0.026743579550378767,0.013131443582067685
0.004195563567258892,0.002231811118348123,0.007435738423969315
0.07293848637501218,0.041689804628257915,0.013400004198579417
0.030513593730752242,0.01561621282614336,0.005553789497616826
0.004179559552952433,0.0013151108963234404,5.3953602072165374e-09
0.034591215577171666,0.0039534285064484476,1.8608265900388332e-09
0.1562809859962599,0.06850916266075006,0.04549999946626551
0.08570495937709233,0.056110528434584916,0.03689999519356943
0.3125317835310474,0.2028033404682847,0.10374272084078026
0.11989974756908696,0.06633331713363819,0.03108082588066227
0.10195047092530969,0.04852820952797482,0.020099997593977074
0.27137050332793805,0.14883632673118696,0.07710000363889494
0.05192193401881064,0.017131347895195367,0.0029000051695381446
0.4312359797722336,0.2853495103317302,0.2004999895926582
0.6348833235519987,0.6026080318608376,0.5954999922265946
0.04305266700349433,0.00558904982904479,0.010276315116763232
0.12555342314982518,0.06435910253621266,0.04920000444606999
0.02308180664139392,0.007913176433965843,3.4405520168978576e-09
0.2702428955806759,0.23807616360941883,0.15568358785848002
0.16543789115488527,0.05924204287455601,0.023157009701371203
0.35289946039209036,0.22588735120928644,0.13291068820436763
0.23656159884867034,0.16685090226561752,0.13169998692649904
0.1497623546736996,0.10634740544045834,0.08929999738161438
0.2607226450634761,0.14833243598458518,0.08489999998729228
0.19454988040800922,0.0808282768263166,0.02000000114758768
0.03078390053787379,0.002128505882436446,4.875054873676454e-10
0.10579754664407318,0.04568779125352998,0.01854077887687753
0.04084390870634454,0.010518080197959537,0.003199997348800776
0.10314183076718345,0.020228274168730874,0.003099999958641686
0.20249304117849226,0.05325525210135572,0.005000002936875546
0.43201576346744897,0.3060455663706353,0.27550000032335953
0.12168945448102372,0.0399201016429228,0.0021000037288319354
0.03559770761827802,0.023951925453077595,0.010817978131151665
0.002398501389307209,0.005129234458741486,1.4856462934864645e-09
0.007094766166156119,0.004534044748943186,5.111230327869976e-10
0.26564403028327865,0.2172276120811902,0.16670000757851916
0.0011814579658438323,0.0006920558920364139,0.0012510149829959155
0.030941915738760234,0.00855621120349722,4.529228395111495e-09
0.032762355869217136,0.005326995154281339,7.755169312284593e-09
0.08588419852811453,0.015234306328697836,5.064487440531451e-10
0.010537084965480309,0.0023026300044034498,2.8634450921494192e-09
0.02946414449680651,0.0031675424328966167,6.925422083026156e-09
0.2096759316041198,0.06761821709345332,0.06026274183237265
0.28251001007300813,0.19752760214955858,0.0982499734105037
0.04814738208074487,0.005307708143438332,7.730281435802677e-09
0.05473506572986292,0.009249817775160707,0.0038000037842980533
0.47189525406518584,0.33503344136427804,0.16302484200628664
0.048457008121388215,0.006379812807788342,1.9650867044695985e-09
0.11699002885796816,0.049134897301395974,0.024700000140371783
0.2148215556479079,0.20342074938983803,0.04919511999146943
0.1893201709039469,0.09352139336930604,0.06740000502550592
0.007158632804163068,0.0017061504263285038,8.309996163413658e-10
0.0021567930692375503,0.005906670447924603,0.0003999987162074045
0.022063753454386575,0.00046865843803337026,5.853952877998836e-10
0.013919197967385069,0.0010485177534762802,3.161638742477102e-09
0.2350348038123095,0.14540468621753105,0.08959999813240226
0.15281749528318167,0.08504538208552705,0.0503000048574131
0.00033004509448214536,0.006297779337532408,5.4107197888786374e-11
0.04803939756330103,0.002890398123660501,0.002717770218595039
0.013094835560417947,0.001582367118929895,1.3851076813287122e-09
0.07017879854237477,0.005223931995575949,0.008195438919094251
0.3328258035147762,0.19415386427627762,0.17370761506151766
0.17709740689430592,0.10918254598820726,0.07146560423169575
0.12180608553585208,0.06542996196584822,0.022392303234870067
0.45581719244198554,0.4341333334288201,0.3754000063721299
0.4808559285043831,0.3565048147303559,0.30050000568328544
0.11191727187550428,0.020382225595100008,0.010094935652914465
0.027087073832102987,0.0015914014937319643,0.010927931144640489
0.23084016850052735,0.15839453846696894,0.0888256535927108
0.283247075982326,0.17843765028080447,0.12110000391622454
0.11410751039503561,0.04096938357070366,0.015501355300054698
0.20124044120004536,0.1325473108010532,0.09081619818552342
0.13209540950546766,0.03706168528883101,0.007799999441441725
0.06402979035312646,0.007040172956106205,4.359763758343682e-09
0.41617321221365733,0.3650027315238179,0.16060200788203882
0.0013858621425183598,0.0006320064543133691,0.0010999965892966312
0.031183326057331456,0.003002571021501435,2.4264046952215956e-09
0.14702001250647678,0.08362676748197742,0.06579999682015883
0.1180353310926902,0.020110341410508485,0.004451424784090746
0.006775880875592,0.0024976635662677105,4.162957818742985e-09
0.0048905323328343325,0.0064528663621557375,0.00033293269653944524
0.015906082560090046,0.0004454448099748959,1.1385872314417789e-09
0.06341478417622654,0.007626537772866537,7.829527512437373e-10
0.09050122590988705,0.061423394880827396,0.06403681218634173
0.013397941522824655,0.004050433629643163,1.2781628186409044e-09
0.03606536160884592,0.011168507656617498,0.004414379976874626
0.032809378294540156,0.007465449026863809,1.9878106383153238e-09
0.036775624214740454,0.00047305823013046866,2.802196266693535e-09
0.07530669932379547,0.01906816437033282,0.007225036378255438
0.04663169255239133,0.02499363364778033,0.015078973454736418
0.031989706863194606,0.005575101887647593,3.2544313910420897e-09
0.16476773901551126,0.09191420518119314,0.055770940637303326
0.06748995109877545,0.0054414632723747,1.6847610806447477e-09
0.017458295742605462,0.0008124137675388221,1.0039132025685404e-09
0.0339985834141156,0.004655953222601275,0.0025859717613543123
0.14742332447030046,0.025545645847872334,0.01519999998544886
0.0061286402747414565,0.0007384687984774846,8.638958437501287e-10
0.012103969644863655,0.0062254370829128505,1.9671413109545455e-09
0.05269724960983463,0.006669528865140925,5.048464833679045e-09
0.12032304075623436,0.10467853809250222,0.08060000042669471
0.2613239341069612,0.24728547505823817,0.14948491903555394
0.3213064897138019,0.22762413591568142,0.16909999871722725
0.072914740885926,0.028893788046776635,0.03225988980642479
0.20678582378642585,0.15959336517546147,0.11668961597877302
0.14755134964252595,0.0896044776772529,0.07429999268495341
0.10449169910124764,0.028352255799507987,0.01799328949172942
0.039843095531400585,0.0278648503222146,0.004581746038384744
0.10768608123068057,0.02094560545998493,2.035931326305196e-09
0.05489599635564346,0.01789464087687284,8.862855935265479e-10
0.0241544499935388,0.014833274168278253,0.00829999776349482
0.04809494608075861,0.014348406796172636,0.003299996487573738
0.4958752613174393,0.575517453081135,0.5706999884086453
0.1440899152106654,0.10298802363017709,0.08479999746129792
0.44435359119392026,0.3484197908393612,0.2888000022027935
0.012495064624130525,0.004575548685958594,4.944617548741093e-09
0.1028621232360122,0.006452495762355424,0.00869183884780022
0.07541478055234141,0.008553854997030673,0.0060058149578104125
0.24055127581088237,0.12461481241039842,0.06904651181332246
0.12366542769804091,0.01937178311141436,4.294633211554544e-09
0.024312077623702022,0.0019061034622486622,0.0023011579752159894
0.02435222405634152,0.0008956178180735547,0.0010775756658564228
0.07969936087788712,0.016843683314970492,0.016598585491072772
0.37928174500893064,0.36425766649287866,0.37079998610209897
0.06876182051480004,0.013135960812594258,0.017499996387207586
0.10808925938803447,0.08439195146048054,0.046890955005041104
0.03210730184119616,0.0028551881906034166,4.783936684293888e-09
0.1718413188959211,0.10229213216994149,0.06630000105308914
0.28225588357710846,0.1603024276804045,0.10039999785703907
0.032165017556566505,0.008825742690301494,0.014454039285707293
0.054233438169788775,0.03829756817466537,0.0029999999849066317
0.090103563233326,0.03912345402004576,0.017899997204214778
0.04113331117653091,0.009678050350871395,0.003217023058278222
0.09082556344288725,0.01532208997965611,1.918306770376521e-09
0.03238272692852033,0.015671284321748975,0.014163383006592284
0.023438013034884603,0.001660277903011556,1.1767744695356797e-09
0.07787053599860028,0.040352753021800324,0.028563798433961732
0.021432626082447212,0.0004886545680497095,1.8030510764988072e-09
0.06210510702014607,0.015246603673695416,6.759189041805058e-11
0.0062722588880955304,0.0023824647055192133,0.004487819258180571
0.06540694923579546,0.05901579014711719,0.04551424083886851
0.04799575631176543,0.015143340941021849,1.82529570624812e-09
0.045401361745287236,0.015947317113459765,0.009499999724340409
0.2076786368214743,0.1406041665953298,0.13570000320496617
0.05532388655782549,0.021083372662481857,0.006400000817533072
0.05251411300024088,0.003582106304856836,0.006292813049469478
0.20581124340810603,0.11824787046382727,0.09123639558137389
0.29624334807316904,0.18146486586207014,0.11110000604928244
0.15862462526520463,0.10519980441795014,0.06019999873293512
0.05437465748320372,0.028434007764771743,0.01830000028036497
0.043271496514958166,0.005223594188953164,1.8411786817384979e-09
0.07613817243697873,0.013325046727970274,1.2886224309838212e-09
0.21893939082945701,0.12199312508507809,0.100305216520251
0.06601339992126899,0.022953188949429264,0.043366129075486606
0.01850085824148931,0.004863933394254907,0.0023000034857473192
0.024389007982549643,0.0029775102796417846,0.003913879929537407
0.2191694231221637,0.10554100743935615,0.028500005679254658
0.04571198983161645,0.0034125099125805747,2.6843010522692445e-09
0.23409589357970562,0.14171720070363936,0.08074601161683864
0.06123944571082208,0.0329065042031566,0.020600001491570607
0.03985029987010846,0.008404482993089116,0.006579241590455663
0.08664548888590451,0.03040856297175952,0.015999993988285485
0.1308506106123374,0.06228311811168674,0.031568048071251145
0.29975588323781144,0.22058711929389355,0.16500001141195447
0.1585929455154498,0.12121335781758746,0.05846452075595951
0.06605565123660517,0.02525277554735813,0.006423229967241796
0.17787388136272747,0.12568419985488147,0.08952526823087154
0.19452339848142253,0.13898066293781908,0.10635456951705248
0.047216360906721,0.006058811591504822,0.01718106755558626
0.03825181951001172,0.00239947724729217,0.0036424126943730983
0.08911495028500602,0.06586312538851503,0.07287218350399562
0.027075183179929824,0.02529024439942954,0.009913309398551132
0.24905037287087975,0.18383337303356517,0.16940000118472454
0.01798192620170977,0.003611314530874897,0.009461985817477717
0.14510806969200465,0.14531167333173872,0.15800000866999003
0.3009834242670391,0.22767937961708198,0.09911659353068342
0.07112180988675053,0.003941463418889478,3.8529596180225667e-13
0.22626937264860456,0.1778214392291777,0.09047773262022565
0.014656798570232804,0.002206014751724758,6.351970636975235e-09
0.0413690645899973,0.0015110898806267176,0.0009999984701122358
0.05224728461416564,0.008848503466396845,0.013089279441107556
0.03845082262284276,0.020638054345153645,0.002649727001641046
0.01528984822044803,0.004462472569532194,0.0033512868680393507
0.025406957924697646,0.0006849822487496326,0.011119569186859357
0.08506072875983735,0.0044616344879293696,0.0010304908517822717
0.09523615431594766,0.05185307604304666,0.027499994773381827
0.012973188202979935,0.0027662133200156147,1.718820745455485e-09
0.037641797219581635,0.007459045474314793,0.004637699494455895
0.15513060320529495,0.0639221898348647,0.027482877264855553
0.003938245560236059,0.0018670684973065843,2.327602985352506e-09
0.047472477513563496,0.007555077702495458,0.004041985089364916
0.03602233691777729,0.0037587276462884914,0.01169555956708903
0.04294793239822095,0.0016751180101620688,5.523727517053878e-10
0.03384948450628565,0.007154768329156076,0.00733716790483635
0.18292032481434772,0.06871670294447609,0.01609999821771952
0.6131011109867432,0.6323545877851982,0.6233999702251597
0.3133358960360937,0.33947429417407404,0.16350958611720012
0.027875582236656177,0.009282938351623367,0.0015569445160131534
0.07031778484957261,0.012316322202045343,0.0019773998430091463
0.10520076196506532,0.006788326122777424,7.318606075334966e-09
0.07669011500909441,0.03603616219162742,0.01489999604290311
0.05247400017965052,0.006646220052036127,0.008400003013778967
0.16688758352980632,0.03571052314650795,2.7151393633406684e-10
0.511476094071543,0.387848274462868,0.35289999767034763
0.31001037939263637,0.19788639962488624,0.14929998920418264
0.1253157405803879,0.05450609369525127,0.03239999856459996
0.039295286945895166,0.006892037260427003,0.011354221486511586
0.04690651394682559,0.027664302639303,0.007567774904311174
0.05092988506229014,0.021976791091761892,0.007900002262221872
0.09840779468358979,0.06029558218573995,0.05119999447304605
0.07035652125385339,0.04582966841242005,0.02250000284582744
0.2316135248777986,0.15507467973895384,0.1421999927425786
0.336657672192156,0.2007340069884313,0.1262000077707913
0.06083027980825745,0.005128959791544256,5.012568839168896e-09
0.003676864490851278,0.0009814508825577856,1.0781020520767015e-10
0.03624079143301166,0.013408341966714442,0.00253507131048588
0.022422378640297808,0.009188265972210556,2.692233103118724e-10
0.11415021001693416,0.048130297370488795,0.028736506606653705
0.42983966482566305,0.30227666984882606,0.24600001108459052
0.02240421611481984,0.0012750753012417543,0.003996146912320836
0.1798690566289863,0.10267123047041357,0.03664673311860989
0.120708540196475,0.02317622051891951,0.028582463367630505
0.3591894260465849,0.2209951332854939,0.20098678536392967
0.03191599587487644,0.014620750568132883,0.011221883714263033
0.011198730413958455,0.0003249368433054789,0.0021583877257418116
0.04300094969117539,0.005284304917163675,3.1298839839322135e-09
0.17477549854374813,0.09710383680416396,0.06329999981898149
0.308016878859091,0.25640155135009607,0.18939064876003814
0.0022960563054783695,0.002327996429741158,1.4363272862749632e-09
0.004424379161718714,0.004231369660827648,0.015092272384419063
0.07555861784069831,0.006466906085342318,0.011526803981474446
0.04256369769763972,0.010825081297237131,2.959342493280559e-09
0.17287226381948304,0.08118411690162658,0.07715425033450389
0.044003191686765905,0.007908412740276545,0.003229730947548637
0.08136624509594634,0.055334660661479546,0.017200003719572036
0.18444602685092998,0.13812138870780039,0.09235325614163892
0.14007704499223836,0.08037798694538621,0.03620000353280432
0.026296618608097316,0.01066423545208986,0.005593104527474364
0.09648849381224733,0.008043272870935293,0.0071791687478846705
0.04913074228127552,0.005145380366923198,9.658593647099423e-10
0.016295735722653,0.009349326104568359,5.544396330936507e-09
0.14065288127552583,0.062295038806490774,3.755386300541286e-09
0.02121678086051959,0.010412546193905886,0.010356168855915726
0.13421172530412379,0.04113410573309828,0.03142007064349541
0.07172904053145546,0.05613856761532599,0.025424362234518837
0.10646506665442343,0.0718714563530255,0.0319999972203486
0.020171348634975994,0.0038939080382484337,7.236809623778484e-10
0.06042988629894834,0.019601621349242884,0.0027999968130756683
0.021243492967118888,0.0022755067634528253,1.761374379682934e-10
0.10374898245858569,0.03701740182434802,0.012900003066686087
0.0340103507271837,0.01930397364730746,0.0017714096671504823
0.08598911727384959,0.04308190805221234,0.02910000206608724
0.2113569573293419,0.1451911012517353,0.12210000486875261
0.11061518663745944,0.020131147645359233,9.307610931985622e-10
0.17557616755711986,0.12114176805441487,0.07389999646924944
0.018841181921148614,0.0027140632522757585,5.531808421055384e-09
0.08859329441145047,0.002015968460762893,0.019702954439308893
0.10739519335832849,0.06105283318592611,0.03154963031849667
0.08617329876512286,0.044172881369484426,1.7018223150144784e-09
0.11822328698791779,0.06792202992225538,0.04710000105167588
0.043806244278616444,0.008096401148159245,0.0009455037435651889
0.00149833507111638,0.0006669948732035136,4.597060176969592e-09
0.31038599731986694,0.19348136763996165,0.12499999981170712
0.11876994953707316,0.08894289644163263,0.05499999647249357
0.03499143823717292,0.005406662088952088,0.012293883527741946
0.004046432107428499,0.002440967476074002,2.805599641497736e-10
0.03702826802472982,0.01669582836100443,1.1144969530585414e-09
0.019287314853332363,0.0053465820445567774,0.005019665322391564
0.6721331019071879,0.7263035707106602,0.7692000272996256
0.031400538786115026,0.0026007990694519867,0.0032539367297166333
0.005609779584021951,4.040619143387547e-05,9.739813400244657e-10
0.30023098503173146,0.03927411612214205,2.001871342305339e-09
0.033490347423568226,0.0006593354632599274,3.861975107766202e-09
0.10979469845183498,0.04974019355220791,0.03720000150225411
0.24018977961276944,0.16704587362033585,0.0973305115221082
0.2646508391585217,0.21616687916932847,0.21709999371246028
0.19753990478065375,0.07554112588355257,0.01450000242467682
0.03795431644029608,0.011351738077426218,2.0531350994335007e-09
0.024505131655280135,0.0029697979600037394,1.294779818084013e-09
0.01358170947166959,0.00253341326199355,3.99397482447883e-09
0.17678063101784403,0.10935466000795607,0.09430000106352696
0.026029905014813975,0.004012807335630295,7.469308963004018e-09
0.1735506996624216,0.08004085500263647,0.04309999992032794
0.01294333849313642,0.005100234177089796,2.4223450803620428e-06
0.023106936862324054,0.004521903699571082,0.001800000165280334
0.03523638515405228,0.006200664364883118,1.079853834823341e-08
0.05399663511834692,0.006906265557831491,1.5408742823352917e-09
0.07604759646021128,0.0049674727847803385,3.917452126578347e-10
0.09180223363277848,0.04958349306071581,0.05655195301237641
0.08773577764799394,0.06180883891079674,0.04390564973165998
0.23828884709463555,0.12166141117000981,0.04890000077639392
0.069444693446736,0.019118564917760796,0.01945856364701403
0.17840236921207803,0.1460195762122657,0.04321277155172662
0.07764131120924168,0.03776416243100941,1.9547665569552564e-09
0.21036943139265427,0.13022951978540703,0.09698159636810469
0.052136946266619966,0.012935101976934621,0.012597078407767942
0.004190477013726421,0.003572903332831473,0.002949599778137038
0.025732179598997942,0.0010181564662480186,1.476810444767107e-09
0.05815104495359056,0.00568034866077155,2.5601130937413785e-10
0.007823238328774365,0.003559463476826133,0.011077490937194533
0.049686178657977184,0.0008523803028035043,2.8859227091393436e-09
0.12889060143739509,0.07522976133935112,0.06199999394141856
0.14413367811620764,0.04609076347520238,0.0008000083919664641
0.19517627133270682,0.15570993067655525,0.1287111543635447
0.12188228893007894,0.03584776437301332,0.005300000803269804
0.09657759726380416,0.035382660344103034,0.029181493749625816
0.038482593361859496,0.017508016149053035,0.0014999987763844314
0.12025327015631967,0.08213360641666764,0.02540331875354608
0.020400403981085766,0.0014743776559083266,8.176923999014818e-10
0.16349894571375378,0.0946203739656476,0.048800003614683035
0.01183733466868575,0.013529859160657645,5.336953379231346e-10
0.075853057709596,0.04096591363041827,0.02290000217115664
0.15295058428448668,0.09705217924417683,0.05229999950159397
0.08581993316240417,0.04284030335857514,0.018699999128084788
0.022773190240538158,0.008075581131341394,1.1657592717539966e-08
0.04180474838188887,0.0020369320351412423,8.325000966369345e-10
0.009208208765289383,0.003782465019743775,0.0035452519087486867
0.5220442029684725,0.4138078032712491,0.35820001319037875
0.001974027675760895,0.008382547189243854,2.0870373762527095e-09
0.41037397579864177,0.30778509477800675,0.25940001108581096
0.11408209662673163,0.017145937543951308,3.3139349875366264e-09
0.032366586976587494,0.018299756075424042,0.007794340836698416
0.03825807122269419,0.01210268599946357,5.236093017502164e-10
0.11446866719265719,0.05979596638720999,0.02050000122679589
0.007162806003999128,0.00010242551209990736,2.419879664705693e-09
0.0037896051425753974,0.0012344314571075127,0.00040000557611909876
0.1435406699935846,0.05106695423679896,0.021967469428747152
0.04710315680536724,0.00934292124498129,2.4254547606461507e-09
0.4032063460193607,0.3110305087968362,0.2456000027907381
0.06791182325948095,0.041926706042850384,0.017100000186336936
0.05167085561428482,0.009191048135945852,2.0292087801743186e-09
0.2278459631833914,0.10132221462562985,0.052600000912848395
0.03950143730705116,0.006816139017668414,0.0058500318513039495
0.378176835672118,0.24570471018140186,0.1830987620429049
0.20956048995625914,0.1210121394529188,0.07328331500711074
0.26732873471831153,0.10670808734383708,0.016620456110948506
0.4182247731717651,0.2749245996986067,0.20280000654702418
0.04244536567889837,0.008344714691602258,2.2886171430203106e-10
0.0073034326424343265,0.0005479415242353874,1.4587436120150343e-10
0.03756943162457971,0.0011093448683796442,3.896162767413891e-10
0.0478444143895395,0.010315376139029726,0.0031000016307787537
0.048255765396167966,0.0014672186397231002,1.1430720120442217e-09
0.01206059995287409,0.0027610735672967263,4.233811107257068e-09
0.04075445372288125,0.009746688063569472,1.4405764775515806e-10
0.11428658244126326,0.06999003911293104,0.03874021198919458
0.08167013209514515,0.009001235239431304,0.0013000024814506309
0.13904302420564088,0.08538884338978918,0.06583205758230035
0.4135192058197157,0.29897486725581013,0.2401000015733123
0.17546467778298797,0.041826568345958326,0.0014999979085291368
0.0029449175784760084,0.00510761236331396,1.2003456006937085e-09
0.006437574133635729,0.0034013821896983626,0.008461823893506262
0.13401319912710463,0.04026039683253503,0.04099988184184268
0.24094774462419796,0.1633982267284692,0.13330000488639526
0.07977253740174128,0.036111831970141686,0.01619999831420124
0.051142064466165954,0.01647255140544434,0.001599997560805498
0.06531552847408971,0.11148421005839684,0.036289809098054036
0.27079155782507935,0.1943561479469946,0.15690000267167137
0.020161498982911405,0.008109228144436056,0.008720756998022952
0.10652068407609451,0.07077994054192109,0.050000001262217895
0.0872059660176804,0.036528425252095806,0.02269999820745207
0.21204991252467364,0.14076618090795023,0.1626235515963837
0.01486274555237875,0.001956289184754753,0.001003931060755435
0.008579408522552748,0.0005791589491378202,5.733068256241758e-10
0.005759801041491791,0.001467724064587575,3.283050081792638e-09
0.06141447111866888,0.03421629980891737,0.029899996547439158
0.050610639033380575,0.00542920491055008,4.702513808907405e-09
0.05862000428723403,0.03152518550698282,0.007399997386248802
0.1065364583948814,0.02314849219507266,0.0006000004301028802
0.18966008930395184,0.21675107337668198,0.2515999924707602
0.12356959766148534,0.039854990461009335,0.010800000569240721
0.02974680568818952,0.0014903272706480453,0.011541028328483804
0.09029185007865624,0.003671232492596828,0.010858046207039389
0.011869632366199076,0.0011000100447794564,4.257990848799409e-09
0.16611605220932846,0.10864716943742952,0.10307541447482663
0.27961389362302064,0.1914277376844872,0.1480999999586905
0.046842724429259214,0.005016100771712925,0.007312798748234789
0.2613752200977686,0.17696943705556153,0.07259188061025224
0.05578750101614362,0.023649848752536604,0.008900000964613124
0.2125208365027775,0.1530676733657078,0.1008317713907653
0.030444334935125522,0.00036921568192457843,0.002082155914538558
0.0020250750993479616,0.0024957117390179834,1.26820792756277e-09
0.008159705812091245,0.006224903886644581,3.5259623901162662e-09
0.3739204307973892,0.25979926784711704,0.14878387364426082
0.023077239060793175,0.0006053599756712519,3.0459301122998106e-09
0.03058361869710026,0.027095248433562855,0.013477112190840912
0.1532952668171627,0.04214948749003863,0.053414267635845857
0.0032401712673735955,0.003230618446356609,2.1557733445587424e-09
0.1187336035858561,0.024669889459314587,1.1282683190505516e-09
0.0016518862179200622,0.0023992623544286246,8.205314969145228e-10
0.23567799257141173,0.2267164294205396,0.11698954610747712
0.32175940009549764,0.22467501151709757,0.14290001021492266
0.2496795775464168,0.10960476912158862,0.03589559673994826
0.0547522824949586,0.010189575707003531,4.137560363770554e-10
0.05407711568204932,0.0005695067373173296,0.003239485772712672
0.09144287489480184,0.020334259106833806,5.780636330721123e-09
0.07037668738655439,0.009705788309699828,5.525224097691073e-10
0.05302348789312977,0.032741108492500295,0.01109999926194484
0.3035443508541271,0.24223975038266254,0.1131010985997541
0.00465352313700855,0.004496466890631601,1.6053096352219853e-10
0.0010285045945415544,0.0009339526179336921,5.107990162789289e-09
0.003130275871221222,0.0007923747686266469,5.319190019004161e-09
0.08874386340673913,0.047450775950171165,0.058277354614125136
0.07148859945087158,0.007575737421661184,1.2023303880281944e-10
0.0011996521597652104,0.005904949569325094,1.006913351309091e-09
0.04309275195876876,0.012073601498956053,0.00219999901650135
0.0003539881833399816,0.0005591845970593506,5.404965197630673e-09
0.4715325608647525,0.3808864605925257,0.32850000431043686
0.011636546129720926,0.0031380043463806045,4.482631647817481e-09
0.043802501357949025,0.0026554166611112706,4.289229284248908e-09
0.053338554408069755,0.010711621878604506,3.974157461450467e-09
0.4963647246130929,0.536821791380665,0.5310999741812558
0.07972574321422853,0.03804700759502454,0.028599996676504032
0.037419899143379384,0.0020802724032473463,2.13138055815687e-09
0.08458236602193059,0.03426747336107872,0.04647338379206839
0.5097133079738562,0.38077513181982414,0.3343000106016376
0.08997991618612004,0.013459463744509445,1.6537146027562066e-09
0.12210480511122662,0.07356106121488884,0.054458806406080765
0.352526899580202,0.23595157385262075,0.16247395455255298
0.06699267282384236,0.021720355098526475,0.017899999042994448
0.17021785153615526,0.11276702411301755,0.056250107541567
0.3831783006528205,0.278963023626117,0.22830000858880156
0.16211678056450174,0.10673323256470071,0.05189999865140334
0.08689944949554179,0.04507010431075929,0.02429672741474705
0.18339304385770983,0.13345130754852996,0.07800000453755994
0.22234696748369798,0.137024301205625,0.10760000485320133
0.10952239759069901,0.0627468186753707,0.025333927591663464
0.004452918703304942,0.011275234580646928,2.513109026436311e-10
0.0063038093023486536,0.0007305330007900818,0.009649908304520477
0.0035364590599667733,0.0030333467325845825,3.3906611615619475e-09
0.4038948653413395,0.3016639671443664,0.2526000137127319
0.002934834074236642,0.0032038316669041333,1.9061763487093764e-09
0.015581340889493783,0.004225980601763393,0.0012393337452846764
0.009662619130055727,9.959381471738582e-05,1.1710437827772147e-09
0.08172454861207604,0.009060179933238613,3.834069631225567e-09
0.065275925745088,0.035117760426599046,0.0046999980617307355
0.018429454062573902,0.003180498407938978,5.517411416633422e-09
0.03838080181426229,0.007208757666721265,1.8101037821405264e-09
0.06792643914879072,0.04565638251093233,0.025482404403135973
0.011980471476122426,0.005178825847150542,5.682347842261848e-09
0.11784903835456652,0.05186517095433163,0.02499999816481174
0.0002427693729748076,0.0028001142102185017,1.8040212101944064e-09
0.0013599975671105408,0.0014854958107452104,0.004656978537922581
0.03467522170884024,0.0023689655479230687,9.45691538967175e-10
0.02470704211130159,0.006795938584211576,1.0222119053993062e-09
0.028282752027730063,0.002086977089953479,2.589757637505574e-09
0.047135558252724585,0.0012931503873212513,0.0048624112249541565
0.030157259271692993,0.003682047739457045,0.00423579384385446
0.1058071679938831,0.08299562609178814,0.05556310943615223
0.03100275547867075,0.018189266535053844,0.003899994930739087
0.09247713756897702,0.006297109550820711,5.9069911254039376e-09
0.005425801431968871,0.0015849194941695982,0.0006038319795977284
0.06121781519960836,0.005478915505803483,1.6530718807694633e-09
0.014245123842846458,0.00935808577207746,1.5188101123997377e-09
0.12484565945900565,0.07877756756946239,0.052299998942997576
0.06354175690372126,0.007534545422522812,1.3392717698734735e-09
0.11843620201305428,0.01675301316487432,0.05416200123834149
0.21607050943852923,0.11434011185787737,0.08462099257518718
0.041679511380085396,0.005548346590016885,1.6043555858824554e-09
0.047341854139511516,0.030030470695675375,0.01990000012001117
0.037859967199615444,0.003315282011513397,1.3442476368141776e-09
0.30616060280270907,0.20941154682789856,0.13680000268337958
0.18716708510019137,0.1265857989122784,0.09228419924238032
0.02443916836478892,0.0045672466121412375,0.014160345650485726
0.00016274191038914698,0.0029517426580235318,4.938578990199005e-10
0.07793854141180309,0.012465525840654329,0.0008000026145082717
0.017121378920889774,0.001178168814229677,0.006010216469228974
0.0738139568185317,0.005737624551337833,0.008029186333949966
0.05135333326052273,0.00739458988168927,1.6881688408298956e-09
0.16503173633173726,0.110960275218469,0.0741999993727929
0.035791044695610466,0.0005846102006295262,0.0027209385173491696
0.7267495699900847,0.826040161807328,0.8834000240983547
0.18531462098080947,0.09690824051142868,0.0430348048744405
0.07457702824180132,0.03414130813392066,0.01075845633288397
0.13142757817040168,0.0401380235998727,0.012199994021360398
0.17910308756024207,0.11620695374502499,0.06267940427664553
0.07207591199310392,0.020388472084651166,0.007099997001366147
0.16681689648589368,0.10576346680905616,0.05309999807964466
0.03595287691600797,0.003514627260842465,4.167589939818583e-09
0.03287661788874409,0.0039014988056709776,1.2619117764622878e-09
0.02830849416179758,0.0012017019972046655,5.906952149636879e-10
0.03444570779588435,0.0028412819293399533,0.0005188764188107167
0.21274203797744684,0.12069463042413772,0.1020479418700038
0.057058662891026665,0.021129652812068835,0.03682069855820793
0.054186132714042844,0.0024624831906444045,0.004499999855773575
0.1441796907908251,0.03205936027541555,0.0014000029996597274
0.049918149832368,0.00799521729772603,0.0026000012694662664
0.1254456902660247,0.056609813661846795,0.03090000025338106
0.026388461527912216,0.0011987413451859247,2.589387794460496e-09
0.07548049374958243,0.029223511194055744,0.008100003539654031
0.2709134037901133,0.19184677986077614,0.08938262035099502
0.008076696182770751,0.0023989388180593596,1.9209338147918587e-09
0.03195809156668018,0.007217672717795533,0.012999999381184311
0.06716347254690336,0.03532580916451086,0.01640000292502255
0.041088098344983504,0.009548548540086181,1.5880544795843221e-09
0.08979427140110904,0.013621871951586394,0.006481499552749827
0.2727910165352828,0.2154314758558462,0.19179999739947623
0.12984439804612574,0.08562485088627932,0.06301902278397054
0.001600419651265797,0.00488609858071741,7.858375339342416e-10
0.004057537500423938,0.0013657930553371,1.951244950337827e-09
0.0068172721489773574,0.0035405827525775077,8.291545172678383e-09
0.028575745927757093,0.0073702970832569825,1.1814423953038222e-09
0.03168779401390508,0.01688073341294949,0.0023000034747949066
0.023194429210792733,0.0068504664238923235,8.435079398849687e-09
0.041742762943816444,0.014655362014101475,0.013899999123463805
0.01994964067634851,0.0011210421551076655,0.00465230136360139
0.0025229166026716487,0.0019488380132025723,0.0011272115930192547
0.36258653873500085,0.28035274206420213,0.2531999963718312
0.11211037115662877,0.12218033081566657,0.054842651203416595
0.04314617180369257,0.012727455822950769,1.5680522505445715e-09
0.0016956850737424728,0.006143885390274911,3.316377318596242e-09
0.007162133412765281,0.002520374143878207,9.727058949970946e-10
0.03149786612324636,0.01661028900472091,0.003523381014240448
0.04689583053534763,0.011660828181546831,0.006129491394468223
0.056879724500532504,0.003605507540141252,0.020274829873719463
0.12242231706801311,0.024974394474571074,0.001099999815508873
0.027068485103937445,0.0006101503701765737,0.009913879150412704
0.4289966707904733,0.3072347069041115,0.20151387208239296
0.16353544503851833,0.10941165607498483,0.0590999971704033
0.008161948965577911,0.003011656198479193,1.2576061650393378e-09
0.032411261600974725,0.011830140657140546,3.366078363467584e-05
0.19021555528609968,0.060890394843629736,0.004699997911380503
0.19839138310556406,0.10633546448424278,0.055300003983427576
0.20022271471262953,0.07972055574651589,1.5394099883714318e-10
0.18081973949861005,0.09459580916589008,0.061700000930876006
0.3040343655312732,0.1913862415061261,0.10284470355335644
0.003284867251509685,0.0003075894474029728,2.732805801097804e-09
0.12349254367784286,0.04002300987126129,0.02466546643372561
0.17083211112437338,0.039871723489611946,0.002899999018119978
0.0041236506825858,0.0048197469944219334,0.006032334588349016
0.04152738783306227,0.002447452160295127,7.934983239921145e-09
0.062405492090635194,0.001764207569184481,1.879298799911666e-11
0.07884127571332422,0.03932796953472659,0.020800002465807918
0.11112279765625378,0.008671113244161005,9.707912598799773e-10
0.48242566030508155,0.36565300952878493,0.20678525541867837
0.021139223499785365,0.002878693037024857,8.83708252408244e-10
0.14847948986364495,0.08435264058363512,0.05609999604734938
0.0520101333242241,0.009242791019927324,2.4208868104613757e-09
0.0816922103817819,0.00498925734172212,7.066756069207258e-10
0.18965666855713806,0.13478931617375134,0.10085485927053689
0.1921922952355562,0.04687285280413589,0.03201187059560588
0.25947042927269726,0.16311674689195033,0.10117863164982915
0.23398850586458098,0.15363286828221617,0.13560490267235698
0.010079041221067828,0.006582859031147914,3.0170135625895433e-09
0.0868035362363226,0.046285154518878005,0.01830000145865642
0.09105298301686238,0.0034316209256892508,0.006712797849700941
0.032339639376430335,0.0015081433717996084,0.0005000018655517274
0.08023625777019835,0.039445906724340694,0.028551156847455388
0.051063475234050165,0.003673260638491882,0.018295169416705292
0.3573812080215543,0.2872674064230769,0.17894460958083278
0.000804596739911137,0.01533330810045598,0.0033449551707473366
0.06741102673045717,0.017488162518110327,0.010600000722595128
0.06302539134863522,0.026934919045338956,0.006199997592713023
0.17947303708681608,0.12036902435729646,0.08753148405389503
0.31082432750756184,0.19206911460289267,0.08201057893329385
0.2234657144406148,0.12554636258054694,0.062300003634989436
0.009120351121613537,0.0037281772115429213,0.0041199123800644555
0.2960489808354893,0.2658496408014279,0.12199624280563998
0.21348594509336044,0.06050248752707052,0.011300001774310467
0.03107037666843139,0.004328288015311869,8.089717645765049e-10
0.10399414820062347,0.03349504795167634,0.03566208523932686
0.04525196256922842,0.00627057365642595,1.6380397663273705e-09
0.015029113378487599,0.0010915799655575043,0.004031977771036317
0.006586437345230525,0.0012846351172923487,0.0024868568584450954
0.48748684145408006,0.3449169112014055,0.16290210703383637
0.0644173977006873,0.028654596388643823,0.01579999995255591
0.07241825758136972,0.013608801163924981,0.009500000857576768
0.008987482544841358,0.003306978936108977,4.785938173546e-10
0.36960824303416245,0.3209732701109373,0.23440000225376367
0.23313896318956545,0.14159086449302175,0.10259061195654923
0.02467454745328948,0.0009997758737801954,0.008159811681055576
0.048595012695753864,0.00024977372727059965,0.006520109324896203
0.48303714581175033,0.38110275323731907,0.32139998610869003
0.3552873773878855,0.2437547814764903,0.16840000679125267
0.19238756652583644,0.05881029235806634,7.519202691042004e-10
0.044433804671875465,0.0064758114111557324,0.01611119480289932
0.11498139056634547,0.05792384186519399,0.05673859351439185
0.2800870161343807,0.1847393385142097,0.14920000134853334
0.00116600695518225,0.0024743783254881496,0.0015781707716456053
0.7786277387968829,0.7079489300736157,0.49000000792802306
0.15621407063553897,0.031780728513110874,0.0001636200693717199
0.017783910338095926,0.005723386114161351,0.0011816050994176708
0.025153459866258526,0.0034535722704780378,0.0022938878129949505
0.18355558982705442,0.06377564071602014,0.01919999830773666
0.3165230181919455,0.17400283844900405,0.08148188224955061
0.2687394878054664,0.16789444619109312,0.0806432297872098
0.3469638236793271,0.22574506174121173,0.16670000536356444
0.0888445620676151,0.013595002035822715,0.003596324361956074
0.1848048365002869,0.10839863202075112,0.06394489496564269
0.01720152470820624,0.004341219575393171,0.0006426748341985117
0.07237263067695138,0.029923525039964788,8.165537038196113e-09
0.015028730437670404,0.003108382558666911,2.6424354232501557e-09
0.0066993817296511216,0.0014714662751714874,1.8238988375163245e-09
0.18575534903099655,0.1116813364617298,0.08539999928253861
0.01492867149104532,0.0022965035953627227,0.0008215059923482038
0.0025999706683637602,0.0019937119212532772,4.60648346550796e-09
0.22181739992471788,0.10251827329091487,0.031200001392304458
0.025328109039799734,0.004517562657152821,3.773264672934928e-09
0.1179234907770533,0.01869627436255506,0.00239999119155454
0.08348242514179023,0.0415314723243474,0.016800001624905792
0.18093101158630606,0.13467551271534112,0.12770000176367113
0.000399824962729986,0.00282597981924064,7.433461901573679e-10
0.623223428538542,0.5721518069360296,0.23778117150802733
0.014816175072416532,0.00017154550163928084,0.007438769568066751
0.04130024760990725,0.0035883151981586647,1.590331998035932e-09
0.03560902848462438,0.0017222012018810323,1.020954230879223e-09
0.03484715048051103,0.0005242967092451145,2.8457327466702154e-09
0.1580031095469731,0.1423655633416789,0.12496726727556685
0.06972333592483777,0.005505903767366149,6.788349049546838e-10
0.0012903980269494547,0.00048668364458237523,2.059911512197754e-09
0.01649922865289495,0.0027369680515997863,2.3716136346441097e-09
0.12368168786929458,0.029523405665322494,0.004000000839680613
0.09250572947623162,0.04693955751690754,0.03880000125827967
0.11130380289560741,0.016072868658113124,2.900220265333875e-09
0.0929083363356532,0.04088002850622917,0.042599997361066816
0.018040498550907183,0.001664587685970123,0.0010000030145112596
0.034656998811898196,0.0029275502764667116,4.849686888186433e-09
0.24224663581603825,0.11944560542213314,0.05910000258467364
0.029949123861078633,0.0036954805446016703,0.009600000426216629
0.1795020958158435,0.09845912078826768,0.04300000465163562
0.11647161969626435,0.043827563508704315,1.700691969197532e-09
0.4676367670066337,0.3718787339100757,0.2060018194066165
0.05760203883841524,0.024539616015861992,0.020324011733298855
0.0933381967786,0.013529856448449423,0.009734051388764785
0.0038984529282294067,0.0007106632279541419,8.335596379804855e-10
0.0002650207151179418,0.0028403404656485165,0.0007708512206477669
0.016765159700750126,0.0037735103480349835,0.0004798816890704896
0.08470073045561587,0.05469576049402797,0.028600000497930607
0.06549901851472494,0.04928885868612092,0.034800000881201394
0.09359763005446602,0.051907583050207776,0.049999995616168254
0.050186862462073115,0.00022795106035022883,5.318935222820009e-10
0.06465286534829803,0.004463262170291249,3.6502619121803193e-09
0.006146487006275861,0.005464172091502087,1.9871132517224055e-11
0.013858393244350398,0.010361892850026394,0.018492792580154672
0.056471113286332045,0.02919055232974132,0.014299998147323592
0.02657863764931491,0.012184198882674364,0.00890000063561791
0.15965243936801746,0.10636225857569404,0.07299999291664802
0.12686888132399843,0.07815550280244175,0.040538480104122615
0.10046337669404524,0.046530109533123795,0.029357507093822295
0.042607085614676146,0.006628977447309878,0.006844014537754413
0.11065467629809121,0.045950678047660495,0.01940000064307681
0.04853748674331826,0.022924978838394526,0.02767972608579483
0.0556012753520084,0.015332525165281309,0.00288769309676222
0.05182704344326406,0.053281619436263236,0.011613436487710224
0.010574733557823693,0.0010023752229034316,5.966938547430356e-09
0.014617825579030075,0.0035632728448594456,3.75545097103247e-09
0.38979065184148565,0.2840991341435497,0.20659999668266646
0.08572600039189229,0.04248796500318612,0.010000003925574569
